Workbook

Sheet Продажі
A1: № | B1: Дата | C1: Товар | D1: Категорія | E1: Кількість | F1: Закупівельна ціна | G1: Ціна продажу | H1: Виручка | I1: Витрати | J1: Прибуток | K1: Статус
A2: 1 | B2: 46296 | C2: Миша Logitech M185 | D2: Електроніка | E2: 3 | F2: 420 | G2: 690 | H2: =E2*G2 -> 2070 | I2: =E2*F2 -> 1260 | J2: =H2-I2 -> 810 | K2: Продано
A3: 2 | B3: 46297 | C3: Рюкзак Nike Brasilia | D3: Аксесуари | E3: 2 | F3: 850 | G3: 1350 | H3: =E3*G3 -> 2700 | I3: =E3*F3 -> 1700 | J3: =H3-I3 -> 1000 | K3: Продано
A4: 3 | B4: 46298 | C4: Навушники JBL Tune 520BT | D4: Електроніка | E4: 2 | F4: 1150 | G4: 1790 | H4: =E4*G4 -> 3580 | I4: =E4*F4 -> 2300 | J4: =H4-I4 -> 1280 | K4: Продано
A5: 4 | B5: 46299 | C5: Термокружка Contigo | D5: Посуд | E5: 4 | F5: 510 | G5: 790 | H5: =E5*G5 -> 3160 | I5: =E5*F5 -> 2040 | J5: =H5-I5 -> 1120 | K5: Повернення
A6: 5 | B6: 46300 | C6: Клавіатура A4Tech | D6: Електроніка | E6: 5 | F6: 380 | G6: 620 | H6: =E6*G6 -> 3100 | I6: =E6*F6 -> 1900 | J6: =H6-I6 -> 1200 | K6: Продано
A7: 6 | B7: 46301 | C7: Футбольний м'яч Adidas | D7: Спорт | E7: 3 | F7: 570 | G7: 950 | H7: =E7*G7 -> 2850 | I7: =E7*F7 -> 1710 | J7: =H7-I7 -> 1140 | K7: Продано
A8: 7 | B8: 46302 | C8: Настільна лампа Xiaomi | D8: Дім | E8: 2 | F8: 1190 | G8: 1890 | H8: =E8*G8 -> 3780 | I8: =E8*F8 -> 2380 | J8: =H8-I8 -> 1400 | K8: Продано
A9: 8 | B9: 46303 | C9: Пляшка для води Nike | D9: Спорт | E9: 6 | F9: 260 | G9: 490 | H9: =E9*G9 -> 2940 | I9: =E9*F9 -> 1560 | J9: =H9-I9 -> 1380 | K9: Продано
A10: 9 | B10: 46304 | C10: Повербанк Baseus 20000 mAh | D10: Електроніка | E10: 3 | F10: 890 | G10: 1450 | H10: =E10*G10 -> 4350 | I10: =E10*F10 -> 2670 | J10: =H10-I10 -> 1680 | K10: Повернення
A11: 10 | B11: 46305 | C11: Плед IKEA | D11: Дім | E11: 4 | F11: 470 | G11: 790 | H11: =E11*G11 -> 3160 | I11: =E11*F11 -> 1880 | J11: =H11-I11 -> 1280 | K11: Продано
A12: 11 | B12: 46306 | C12: Сумка Puma Phase | D12: Аксесуари | E12: 2 | F12: 630 | G12: 1090 | H12: =E12*G12 -> 2180 | I12: =E12*F12 -> 1260 | J12: =H12-I12 -> 920 | K12: Продано
A13: 12 | B13: 46307 | C13: Фітнес-килимок Reebok | D13: Спорт | E13: 3 | F13: 680 | G13: 1150 | H13: =E13*G13 -> 3450 | I13: =E13*F13 -> 2040 | J13: =H13-I13 -> 1410 | K13: Продано

Sheet Звіт
A1: Показник | B1: Результат
A2: Загальна кількість операцій | B2: =COUNTA(Продажі!A2:A13) -> 12
A3: Кількість Успішних продажів | B3: =COUNTIF(Продажі!K2:K13,"Продано") -> 10
A4: Кількість повернень | B4: =COUNTIF(Продажі!K2:K13,"Повернення") -> 2
A5: Виручка від успішних продажів | B5: =SUMIF(Продажі!K2:K13,"Продано",Продажі!H2:H13) -> 29810
A6: Витрати на успішних продажів | B6: =SUMIF(Продажі!K2:K13,"Продано",Продажі!I2:I13) -> 17990
A7: Прибуток від успішних продажів | B7: =SUMIF(Продажі!K2:K13,"Продано",Продажі!J2:J13) -> 11820
A8: Середній прибуток з одного продажу | B8: =AVERAGEIF(Продажі!K2:K13,"Продано",Продажі!J2:J13) -> 1182
A10: Категорія | B10: Прибуток від успішних продажів
A11: Електроніка | B11: =SUMIFS(Продажі!$J$2:$J$13,Продажі!$D$2:$D$13,A11,Продажі!$K$2:$K$13,"Продано") -> 3290
A12: Аксесуари | B12: =SUMIFS(Продажі!$J$2:$J$13,Продажі!$D$2:$D$13,A12,Продажі!$K$2:$K$13,"Продано") -> 1920
A13: Посуд | B13: =SUMIFS(Продажі!$J$2:$J$13,Продажі!$D$2:$D$13,A13,Продажі!$K$2:$K$13,"Продано") -> 0
A14: Спорт | B14: =SUMIFS(Продажі!$J$2:$J$13,Продажі!$D$2:$D$13,A14,Продажі!$K$2:$K$13,"Продано") -> 3930
A15: Дім | B15: =SUMIFS(Продажі!$J$2:$J$13,Продажі!$D$2:$D$13,A15,Продажі!$K$2:$K$13,"Продано") -> 2680
